,log2exp,logFC,pval,FDR
Hsp90b1,12.6025007321184,5.07654476317736,9.0852432545268e-128,4.15634214682094e-125
Slk,10.0553671777868,4.99252331258545,1.38536459180038e-226,6.12654401313855e-223
Tax1bp1,9.99421591852269,4.73863655563538,3.90409401987525e-262,5.17956153616849e-258
Ddx46,9.60019684998098,4.68353885648528,7.37828110562936e-225,2.4471913857096197e-221
Ptprc,11.9309092673646,4.61749794755702,2.82578371825933e-134,1.56206969125611e-131
Tpr,9.47767395501349,4.5931260945202,1.88958834650689e-220,4.17819476551783e-217
Rgs1,9.1688113811316,4.29544949805981,3.80182811394712e-158,4.20323779897804e-155
Rbm25,8.96309676723081,4.28732706902183,4.978920199894099e-209,9.43647632742786e-206
Eif5b,9.54741673152786,4.25507766433533,1.6300912088246098e-234,1.0813210033738099e-230
Clec7a,13.9666274888189,4.18561595051046,5.07569321808696e-69,4.4892814616239805e-67
AI504432,11.0498674525636,4.08960633756786,8.79197373444828e-150,7.29019472093284e-147
Lrrfip1,12.4522054844004,4.0796372445713,2.62443418375974e-165,3.16530621054004e-162
Npm1,10.7305703798255,4.05339038305302,1.0755980088672401e-67,9.03161948331754e-66
Alas2,11.8195027623229,-4.05122472552864,0.0001568037722595,0.0003612913592509
Gypa,8.97616630318921,-4.0108388838751,1.67507136975424e-06,4.7132920175036e-06
Eea1,8.79190901073953,3.99607688155342,4.55004892930709e-138,2.87454757833892e-135
Kif5b,8.90974727388858,3.91886907107657,4.44389440288483e-102,1.03433591303637e-99
Baz1a,11.3046048374642,3.91805183955491,3.3967253360571596e-222,9.012871006694071e-219
Smc6,8.71843773972833,3.72964151952426,1.06193449115116e-147,7.827047163390221e-145
Eif3e,10.4417698500315,3.68950967292457,6.8730975452801104e-46,2.65846603886972e-44
Rock2,8.25351923419741,3.63217978756086,3.09752444554057e-136,1.86794803722667e-133
Shtn1,10.9883493758313,3.60205741388197,1.4851490335234202e-148,1.15902777810325e-145
Anxa1,12.4654264619316,3.59660103453221,8.56790628500054e-73,8.61139490023501e-71
Cast,10.5793814178951,3.57031152838493,1.9023465311932303e-198,3.15480392866757e-195
Plek,11.9765641234153,3.55695176713476,3.09890348985401e-43,1.07065501562222e-41
Smc1a,8.50332885662666,3.54798200773247,1.90876979496872e-133,1.012945954794e-130
Zeb2,10.0571926358116,3.54304767777922,3.19816678061529e-153,3.03071990560165e-150
Calm1,12.7138056409278,3.51503979924851,5.59335066310068e-109,1.51442822953789e-106
Eif5,10.9475963552421,3.49507517618875,2.90317256806479e-100,6.212321042018631e-98
Clec2d,13.8189746070081,-3.47542401265559,2.23313393407783e-44,8.09480543809032e-43
Pnn,8.33275143857331,3.46608099056248,1.1322826873572902e-117,4.05999849004572e-115
Phip,8.1839799221194,3.46360535157158,1.27900193611421e-100,2.7817243748241402e-98
Ncl,9.98351817488168,3.4389071371203,4.94207673933253e-53,2.56119266018456e-51
Eprs,8.89387030478509,3.43442291579177,2.13076936770231e-43,7.419663307429529e-42
Smc4,8.49274337407523,3.43236806063325,8.71829364726549e-131,4.28391117845449e-128
Cxcl9,8.60455322907904,3.4225707156803,3.1373605332257605e-09,1.14067860220077e-08
Ppig,8.2871351860867,3.42038404284503,6.96625418239172e-101,1.54035490396318e-98
Cntrl,8.19841093478347,3.40293450214912,5.1084948169734805e-121,1.99336472755256e-118
Otud6b,8.55533473339492,3.40208937459626,2.67307780111183e-97,5.29309301303742e-95
Caprin1,11.5161822162701,3.38838452579801,2.61767620488826e-118,9.646863947292359e-116
Cwf19l2,8.59310577192997,3.38710177171953,4.32774154697835e-84,6.59955713836342e-82
Atad2,8.1931146288142,3.38079257043662,1.1781159754654001e-92,2.11217089817561e-90
Mki67,8.03529551506444,3.36533437559675,1.6803264247379e-99,3.5385540757139203e-97
Hist1h3d,12.1638134425852,-3.36252653499423,6.9156603302659e-14,3.7976020530479197e-13
LOC108168816,8.33321748054214,-3.36095868268034,3.1111028955922896e-70,2.78885149431236e-68
Capza2,11.5736537614387,3.35813117782301,1.74751588960297e-74,1.91605729812914e-72
Ddx3y,9.03288755097134,3.3458212898233,2.78138064039868e-72,2.7537743997141298e-70
Slc4a1,8.57695666470609,-3.31586701172335,5.08678940081807e-05,0.0001233530158666
Tmsb4x,16.7565335196314,3.30988477761538,5.46013255244285e-22,5.6637668939217606e-21
Mtdh,9.71256282376941,3.30552329708972,7.696998347746339e-126,3.29406700256615e-123
Samsn1,9.40959718906699,3.30446210689266,2.31285154540744e-144,1.53423007264603e-141
Sptbn1,10.4076218432846,3.29641603815184,2.95684943927267e-53,1.56914086043322e-51
Hist1h4i,10.8433322362176,-3.26355804755925,3.6828286011569295e-42,1.2245635852518498e-40
Scfd1,8.26821707630134,3.26185612073006,3.2938678749191903e-111,9.711054465900651e-109
Skil,10.1597312080773,3.26159426470551,4.47813373515303e-171,6.60126669603058e-168
Camsap2,7.95714235776179,3.24733259847464,1.1640392037469301e-63,8.48533412973106e-62
Hspa4,9.81274555231447,3.24449377405654,6.504117337618241e-145,4.54158551148322e-142
Stk17b,10.6796877896339,3.23077467215409,3.8351463889723395e-77,4.4244249689127e-75
Tmed5,9.33588655247728,3.22895614289646,3.7164892008416697e-168,4.93066622275665e-165
Ddx3x,11.0360447947454,3.21656039070361,7.38144559110955e-49,3.18989051000816e-47
Rpl4,13.5385282954953,3.20244158157885,4.42846188284219e-68,3.74219132481957e-66
Ipo7,8.49918150989399,3.18694430832908,1.36057487733609e-72,1.35719901485848e-70
Dnttip2,7.92538959811825,3.18616161172806,2.2832452876345003e-112,7.04460819326672e-110
Chm,8.40912571046531,3.18497578130706,1.76446601283462e-62,1.25182730439984e-60
Tmf1,8.37991981764654,3.18323123076726,6.52796046329639e-96,1.23723502095076e-93
Csde1,10.5065348699079,3.17018594454281,1.52639968025765e-71,1.47815653707871e-69
Yme1l1,9.32405550262812,3.16874241697415,3.2557383498888802e-52,1.61774834037363e-50
Dock10,10.0313853166069,3.16730433782905,2.0722352966384802e-111,6.24826038193244e-109
Calm2,12.91580159168,3.15943222618396,2.9245120232853897e-41,9.216033494757069e-40
Gbp7,8.16591891574024,3.1408702279093,2.1868125109917698e-79,2.6616918883787e-77
Nop58,8.16179672748308,3.13857097277949,4.30736188007922e-114,1.3606135729288302e-111
Utp14a,8.40809381353205,3.13626321650645,1.15176542001909e-114,3.72694434814469e-112
Ccnl1,10.2048258348741,3.13447294704789,1.88371788826171e-83,2.74629507951298e-81
Cttnbp2nl,11.134158891996,3.13127731549601,2.91350329740397e-54,1.61056034361077e-52
Stag2,8.51268560226386,3.10089851882977,1.04497787281199e-80,1.37264568698978e-78
Top1,9.3726232608929,3.10077237891568,2.2734645796352802e-110,6.55696838652636e-108
Tbc1d15,10.2915944135704,3.09076517879368,2.2624542402912101e-60,1.4859396240566101e-58
Hook3,8.04025166272483,3.08706225050481,5.54176859661439e-80,6.936098487856889e-78
Abcd2,10.1132718969846,3.07769138813148,7.2292372637195e-82,9.990655289350689e-80
Rlim,8.95637615724967,3.07432340370008,7.10532936835016e-57,4.2083216397277495e-55
Golga5,8.11872482524639,3.07224672137836,1.8360705626014297e-83,2.7065720171148e-81
Usp9x,9.76453759489228,3.06702195365993,1.92680109120266e-58,1.19452663911148e-56
Slu7,9.48567559636963,3.06691189550688,4.12627841355364e-51,1.99793196031446e-49
Sptan1,10.842765001891,3.06547847972005,8.616959425695049e-57,5.05846020799541e-55
Ankrd17,8.3453128343909,3.06361019137974,1.66177417782697e-77,1.96846053725272e-75
1700109H08Rik,9.07108987151614,-3.05608762420778,9.74475795101006e-22,9.89921161838059e-21
Hist2h4,13.5078557076566,-3.05275604481575,9.77373171767918e-22,9.92104810240625e-21
Psma4,10.5397915750534,3.0325050092336,5.02718561156799e-130,2.38198826816688e-127
Zfp608,9.24423167783183,3.01290272318147,3.14694285012004e-53,1.66336616703357e-51
Tlr8,10.752247057494,2.99775516170226,2.42297133265969e-106,6.303051111842371e-104
Ncor1,10.1996467866621,2.98532796578841,5.124663436372969e-158,5.22991613925848e-155
Dnajc3,8.63185912728278,2.96802736890184,2.4084004650428398e-82,3.36339462839193e-80
Bpifb1,9.12797641431377,-2.96589505474098,4.12946278695945e-71,3.83115963598539e-69
Son,10.1052719706267,2.96287761269162,1.41856213134422e-101,3.24483858561099e-99
Cdc5l,9.48352190232584,2.95802996918986,4.1201827536278405e-61,2.76073053496872e-59
Ptpn12,11.4407358188311,2.95696189736485,9.84232931883932e-99,2.00889512420064e-96
4930404H24Rik,7.8238979353036,-2.95684137089682,5.28063920473726e-26,7.25240583118523e-25
Pde4dip,9.7982917792595,2.95652987413984,2.51532837837921e-30,4.39090284157329e-29
Kmt2c,9.09563510790353,2.95498977649145,6.37703872220062e-115,2.11510431818589e-112
Pum2,9.67481753592677,2.95456754381606,4.51784399718777e-53,2.35776487745219e-51
Cbr2,9.72818035065964,-2.95438013660151,9.83953302419483e-61,6.49458132497477e-59
Mbnl1,11.1754239322183,2.9470731588489,2.13746542298396e-104,5.25143588272743e-102
Cep170,8.6185894311643,2.94202178574031,4.53177088829658e-53,2.35776487745219e-51
Usp15,9.26271476296386,2.93717248234154,2.77738624063174e-115,9.44809827037471e-113
Supt16,8.11468224455324,2.93592162547411,2.65825165038729e-110,7.50362226504002e-108
Snap23,9.94044615421357,2.91762263925567,7.75837902884526e-150,6.86202763837934e-147
Nucb2,9.55673222308452,2.90132962041751,1.90074829900469e-25,2.5041934143888e-24
Sec63,8.75284520783235,2.89867306460713,4.6330253277919206e-120,1.7561813435375803e-117
Prpf40a,7.8205335636314,2.89866194224124,2.1985243292332296e-92,3.83787135209701e-90
Hist4h4,11.1973532279174,-2.89753455907024,6.5208269912704e-25,8.31844343203696e-24
Cul3,8.0802623673133,2.89696039248747,1.7427146458573802e-97,3.50312048584695e-95
Taok3,9.77916075206176,2.89019489184878,1.26686202192548e-29,2.1248367186959997e-28
Hist1h1d,14.2452793113635,-2.88674302063046,2.9852790939544e-54,1.6433899476968101e-52
Itgb1,10.9904388672925,2.88381947353848,1.9805554477471e-82,2.79532224736817e-80
Pik3r1,9.11111755309462,2.88248998279511,2.2593245415893e-74,2.4569228437102697e-72
Hnrnph1,10.2849847119744,2.87248200903773,1.40980233747156e-104,3.5290278511764598e-102
Hist1h2ac,12.8233022717468,-2.86282915299897,4.72448883019606e-42,1.55919883856247e-40
Setd2,9.1154230286378,2.83758365106614,1.73544370232291e-123,7.19504112459937e-121
Hnrnpu,10.7826683837625,2.82497243590681,5.537799038626011e-60,3.60146960026722e-58
Tgfbr1,9.59573664230273,2.8232306386663,1.62167651930241e-29,2.7096703251366697e-28
Rad21,9.65442470019162,2.81587409978561,8.81123090491619e-82,1.20514021046931e-79
Taf1d,8.61363601076389,2.81528168580074,8.86257447407594e-97,1.70405471808066e-94
Aff4,7.98200324321149,2.81461791905965,8.319577298789851e-76,9.353884069749571e-74
Top2a,9.07881794996198,2.81185225748013,1.09032241093259e-106,2.89306148516854e-104
Cab39,11.1308073818708,2.81021490523973,4.54341462473948e-71,4.1859362379457397e-69
Gm7854,8.49746378471776,-2.80853590596919,7.33343601739196e-30,1.24574514267272e-28
Slc9a4,9.35024859944484,2.79830736712046,9.86634513626661e-25,1.24426616846815e-23
Fosb,10.1485383702903,2.79333662915197,1.04425979355962e-39,3.03155244664234e-38
Cox7b,12.0964086132746,2.7877663000081,2.0830510607519897e-30,3.67497851369637e-29
Golim4,7.58031091777433,2.78219050146477,9.91978602928387e-69,8.658276398059811e-67
Spp1,12.0648082450653,2.78129666096948,1.33285155654308e-134,7.68823547854655e-132
Clock,8.21768848811508,2.77975633389819,3.00955862684945e-104,7.25960260043849e-102
Pnpla8,10.2086323420132,2.77874621917383,6.368773479594439e-116,2.2235399408889302e-113
Atrx,7.66103577975155,2.76587034598799,1.21385985624425e-64,9.4177068495862e-63
Nsrp1,7.93827272109352,2.7642230097484,2.30971295976968e-50,1.07519164341278e-48
Snca,8.83679553747327,-2.76177753934374,0.000338443687859,0.0007491045056432
Prpf38b,8.63135392004253,2.75405257382736,1.06792839725573e-49,4.8027817106412896e-48
Srp72,8.61419859458263,2.75197653507346,3.77746054368758e-53,1.98085253095269e-51
Specc1,9.54057205032126,2.74218807406513,1.6082334487058e-87,2.57065459806987e-85
Kirrel3os,8.56576322820044,-2.73247245259047,1.59568309535616e-40,4.8443770311419e-39
Asap1,8.88340698638837,2.72954314205744,1.30046881234239e-66,1.07163476604637e-64
Smc3,8.26629853370825,2.72846663929701,2.30696811917277e-76,2.63849534802286e-74
Mrc1,13.1984983315084,2.72812098767781,1.470393482053e-18,1.18443899978125e-17
Far1,9.79892175745398,2.72570688822017,1.96110584189488e-19,1.68728866435923e-18
Rnf169,10.4132753211669,-2.72078979557996,5.35842926995507e-20,4.79691505563387e-19
Gpbp1,8.08129849378831,2.71954252221407,6.37266647451059e-78,7.61677172228216e-76
Syne2,9.25008453784582,2.71834526070101,2.0569577887972e-37,5.3825757364837196e-36
Cops2,7.65095199902252,2.71612756126453,5.91734466627881e-75,6.542117640626751e-73
Eif3m,11.0169630085877,2.70912702768755,2.68233583533152e-39,7.66951498434123e-38
Eif2a,8.89595389281217,2.68532051162846,4.73589484380664e-101,1.06493418462344e-98
Cul1,9.35484624838805,2.68326538794341,3.1708271619870296e-126,1.4022454652693999e-123
Zranb2,8.92179962219195,2.67045134538506,8.400123908409179e-36,2.05238386543029e-34
Sept7,8.69038605347717,2.67003237174936,2.6376266631595002e-77,3.06959587194185e-75
Bdp1,7.43763649491189,2.66864083297593,1.24600570443248e-50,5.820689324192139e-49
Ccng1,9.09660535616732,2.66006214488347,2.39235268605331e-52,1.19320838668682e-50
Tmx1,9.52033220824029,2.64132698133932,1.8693385819767103e-132,9.538659602725e-130
Eif4a2,11.3750281149823,2.63975568901914,7.15176828439459e-19,5.89698631628733e-18
Atf3,10.3236881232146,2.63902331774901,3.96465821755374e-71,3.70416342058348e-69
Wapl,8.23248755051262,2.63802252988351,3.05413659702342e-86,4.82371788484639e-84
Snx5,10.4621543092613,2.63423350686151,8.3457042943286e-40,2.4334606345683e-38
Ccdc93,8.51435791092899,2.63399413253598,4.9106704211677095e-36,1.21775447621742e-34
Prpf18,8.59900880888483,2.6338807054744,3.01889775273017e-64,2.26280884098707e-62
Dnajc10,8.66651990989906,2.62609052868079,2.22336693738426e-57,1.3407913253762199e-55
Casp1,8.26756700868304,2.62486357366466,4.72890098067625e-32,9.32218860484872e-31
Nipbl,9.28115729258191,2.61291641327994,3.8500295162823898e-56,2.23049526604884e-54
Cd36,10.5805988103338,2.61234975173939,2.00625537400114e-78,2.41972636789756e-76
Naca,11.3525071097211,2.60585965902085,1.1524150119768e-30,2.08298228390957e-29
Rbm39,10.5498581856685,2.60459710706815,9.84218231885476e-105,2.51108140046627e-102
Actr2,11.9187053924703,2.5959963503312,1.4578116900953e-47,6.0064558051224804e-46
LOC108167732,7.61511871333741,2.59358147637063,1.69490364036589e-53,9.06705104707028e-52
Atp13a3,10.7535765886359,2.59093895815111,2.11971680032255e-41,6.7117620023578095e-40
Itga4,9.77649015055897,2.58954029548976,3.86559965321747e-99,8.013267281130651e-97
Fnbp1,10.5858558204663,2.58736846503571,1.78181835814177e-29,2.96604569102469e-28
Sh3bgrl,10.7466659351766,2.5851140044916,1.77323100622623e-79,2.17828294070402e-77
Lepr,10.1772118812719,2.58449217067486,2.18360905770588e-32,4.38938505584606e-31
Pds5a,9.84278682272034,2.57708645468879,2.24495851648156e-121,9.025413526715409e-119
Pnisr,8.12124569787955,2.5736700313743,1.66905493913331e-25,2.21212306468348e-24
Trps1,8.38616188272605,2.5696187988846,3.6440758913615597e-22,3.82786657566855e-21
Zfp638,7.36170013698031,2.56661489075594,2.37659762985862e-62,1.6771447210284202e-60
Fam111a,8.32770856897098,2.56588641693545,2.5822795741079702e-54,1.43343527655608e-52
Abce1,8.92786024898046,2.55813499070175,2.8672179952729103e-35,6.74457112469605e-34
Krr1,7.65925265659834,2.55521005201633,1.40616706718402e-64,1.08462898141456e-62
Syncrip,9.61925200109916,2.55164559647042,4.80295646549549e-74,5.18055475022184e-72
Serpinb6a,10.5294373326929,2.54672331725522,7.87519116179045e-21,7.516558355645601e-20
Fmr1,8.5318958433885,2.5443870459978,6.7321504851752e-50,3.05874796187738e-48
Hist2h2ab,8.89847542634035,-2.53462712589908,6.74141863294717e-42,2.1761168127326e-40
Nono,10.7213543822312,2.53340861992821,4.42850038034526e-57,2.6465276822540797e-55
Gpx3,8.10328780841202,-2.53295532706696,8.412141801682759e-11,3.5429804851722303e-10
Hnrnpdl,10.9613793506483,2.53279264956386,4.91065303470575e-51,2.3519723397632197e-49
Rsrc2,7.49690924325917,2.5257856639162,1.65884031591591e-64,1.27212916018823e-62
Asph,14.4896293505527,-2.51829104942954,1.86209804875403e-25,2.45571121399799e-24
Emc2,9.27411926938386,2.51801302024203,1.67532764371794e-95,3.13050307735294e-93
Sp140,7.82791603356628,2.51409099035553,3.95002474178666e-65,3.11934394340974e-63
Rfc1,8.56689969765655,2.51386397234186,2.64707654516292e-20,2.42532904175942e-19
Aim2,7.74856559085,2.51194248909945,1.7784109076907798e-42,6.00360750949964e-41
Esyt2,9.48294797390904,2.50663842493744,2.7585265425128797e-83,3.93520125156111e-81
Hdlbp,10.3091605205158,2.50123087088682,4.17030686367491e-39,1.17969000341951e-37
Tmod3,9.41456779553356,2.49998894251157,1.2315798927526702e-35,2.96540298314877e-34
Itsn2,10.4694015741564,2.49976933459609,7.51779887724979e-94,1.38525885700657e-91
Prrc2c,9.23782406777356,2.49854177138513,1.2959644334850299e-70,1.1696299414317e-68
Rgs2,10.4074374379619,2.4944355922076,1.4664298940629999e-30,2.62198455586709e-29
Inmt,7.77167286682378,-2.49389967046593,7.91413261149148e-12,3.6394037212013e-11
Ssb,8.87231148909061,2.49328815159848,7.51691144907177e-59,4.7716202964035995e-57
Phf20l1,8.00218993109082,2.48893627277495,3.45597433977547e-57,2.0746792563710898e-55
Bclaf1,7.45812176022538,2.48505260824096,6.784249428350071e-51,3.20628639737707e-49
Hist1h3a,10.4127168490817,-2.48391906432644,1.66599837474899e-73,1.7133953827748e-71
Srrm2,11.4215425593101,2.48144811580615,2.15786058581778e-48,9.205252859178271e-47
Sugt1,8.6598720463782,2.47778155281569,3.8476523168846894e-18,3.01695054894262e-17
Gabpa,8.21613955642514,2.46918493126328,2.92542892006219e-31,5.489627366685309e-30
Serbp1,12.3645982691647,2.46372347599151,4.1619421195286694e-62,2.92150720104692e-60
Appl1,7.74986942739684,2.46310860397545,2.3001933110939497e-36,5.79063845508224e-35
Arcn1,10.517785562286,2.46301438157573,1.42130225000715e-85,2.1926066221912698e-83
Rad50,7.68309208613439,2.46114944531236,7.737381617583451e-53,3.97875356280929e-51
Kdm5a,8.34875888616008,2.45964792051599,2.05879402897793e-57,1.24721554257764e-55
Anp32a,10.7291486420269,2.45688813737201,5.468980447047489e-28,8.43685623150919e-27
Sp3,8.01696300858765,2.45264371673573,7.76867666635011e-36,1.90512076400124e-34
Ddx5,12.3792598976651,2.45089870108604,1.4135698480638801e-73,1.46514306048934e-71
Nsd1,9.2496402240718,2.44947088593671,5.9567814347382e-42,1.93224008055432e-40
Wdr6,8.98398322683487,-2.44603680852932,4.93147305657617e-80,6.23103362300915e-78
Golga4,7.57637936625899,2.44576792666368,2.0612346976513298e-43,7.215409164575249e-42
Cux1,9.31758533989987,2.44277186231341,2.91616072116059e-49,1.28533901287833e-47
Arhgap5,7.31363888668278,2.43731087045517,2.16177953441001e-59,1.38552314410713e-57
Fam21,9.44891930032434,2.43300977045272,2.76954300021443e-64,2.08770039680937e-62
Usp34,8.34952697170284,2.43242679901454,7.06443899004937e-50,3.19876833040904e-48
Canx,11.3537403199624,2.43193536457604,1.37341422007203e-63,9.95687784573535e-62
Cacybp,9.56810126688551,2.43132320199014,1.50102165561771e-93,2.7279526445315204e-91
Jak2,7.58548421447974,2.4279348090735,8.87596442269292e-66,7.18033048755286e-64
Gpcpd1,11.0268980150852,2.42528692061028,1.4343152291408198e-79,1.77841683598236e-77
Cfap36,7.23548242077689,2.42409007344325,1.61731259210269e-52,8.09693817336847e-51
Fam46c,8.11385066791371,-2.42391359893219,0.0001778632786945,0.0004070574639365
Abracl,10.7015170502187,2.42167025539244,2.79134591139053e-102,6.61299753686038e-100
Kdm7a,7.68109196757721,2.41834210718884,5.172251296654999e-50,2.37440338936754e-48
Hist1h2ak,14.1520702339096,-2.41793928459428,1.57124820901416e-18,1.25956193286954e-17
Rbm28,8.71750983147943,2.41195128200423,1.78079820917061e-36,4.52602487376754e-35
Lin7c,9.68620869041862,2.40744145642477,6.298594343271561e-76,7.14217531215246e-74
Gm44505,9.86229295673575,2.40585574959918,2.0725667211685702e-91,3.52522342176198e-89
Aftph,9.81173146508292,2.40445902061006,4.4344836183749005e-55,2.49289382054999e-53
Mfap4,7.20157941060102,-2.40313495488302,6.31012084184204e-07,1.8464131717847e-06
C530008M17Rik,9.64187613529082,2.39822088032549,1.60145896152334e-71,1.53960551032827e-69
Nck1,9.15279537191436,2.39664158252385,2.1952008927659e-49,9.740378008135519e-48
Cetn3,8.78919398751361,2.39273221402412,6.36737855348896e-30,1.0858099134850599e-28
Clec4e,8.43890733747253,2.3921507542886,3.72983629998469e-30,6.43481640986956e-29
Fgfr1op2,9.03836652087911,2.39132605321946,1.55599434794374e-92,2.75245026855594e-90
Cd48,9.19434647323874,2.39017878396034,7.99610487816696e-52,3.91455067965465e-50
Eif2s1,8.9721421577687,2.38913118670788,1.0062273860728601e-31,1.9488494497852e-30
Sub1,10.8368722255818,2.3848355656055,9.12836991612788e-52,4.45242954695841e-50
Rbbp8,7.16706962667534,2.38352804850318,1.4920884565204198e-48,6.42712258203129e-47
Med13,8.92460634246553,2.38320635382363,4.99914951388223e-60,3.26717815766874e-58
Dock5,9.45827843634152,2.38309093977061,4.6297928195985004e-40,1.3710594048574401e-38
Klhl9,11.2829717581236,2.38117937525995,3.49099587862344e-38,9.37551464001968e-37
Sept2,10.1162988311822,2.37999311330739,5.37610187413221e-27,7.84650644269659e-26
Dynlt3,9.11486295867432,2.37620465796745,1.1940694756751e-53,6.43972346901691e-52
Sparc,7.51750536163817,-2.37352984077529,1.13574035378912e-16,7.868338001942689e-16
Sox6,7.58214198165878,-2.37336664640276,3.14334756509079e-05,7.79928785226473e-05
Atp11b,7.93381357874057,2.37336187356107,2.30365439316581e-64,1.74643330480747e-62
Rassf4,11.9944639331666,2.37179481423861,8.20913470152436e-63,5.855408069092671e-61
Suz12,7.54539355088904,2.369226616338,6.89747102718766e-48,2.8776335886068803e-46
Epb41l2,10.380836811936,2.36861000132913,5.98151267747137e-29,9.68946626276101e-28
Lnpep,9.36779391093996,2.36602151710848,1.56490197128212e-88,2.53189688451218e-86
Hist1h2bb,13.5329325119461,-2.36516806067509,7.570633532638321e-23,8.35603952391951e-22
Rnf13,10.8202509978415,2.35952319176492,1.65224600917112e-68,1.40515050023547e-66
Sf3b1,10.94181689563,2.35813497664105,1.32484868122012e-75,1.4770392818275e-73
Igbp1,9.07965144414478,2.35676048933094,5.59316620016932e-33,1.17598313752213e-31
Vps13c,8.51323411380605,2.35450359134447,3.31632224893531e-18,2.61113633689167e-17
Xiap,8.3745867075095,2.35329510458104,1.94530111060115e-33,4.19647314379601e-32
Ctss,14.6019158397386,2.35109124236922,4.4451391692676495e-30,7.60950469144179e-29
Lamp2,10.632742814475,2.34855547978988,5.66959208063915e-45,2.12481576649264e-43
Dst,9.89946182712537,2.34746490333139,5.766865529769831e-91,9.56362562293205e-89
Mospd2,8.35535109642481,2.34135322169153,3.27100624153012e-38,8.80252328729819e-37
Crbn,7.79833678682602,2.33504562330012,1.96940370497586e-35,4.680875590469769e-34
Msn,13.4235153629824,2.32973813272193,1.52011231974256e-26,2.15693370545718e-25
Psmc6,8.02178969439083,2.32869836613655,1.4117084997545998e-31,2.70261712355617e-30
Acvr2a,8.87649562999143,-2.32485877746581,3.80196909880209e-71,3.57735631445442e-69
Nampt,9.41868716636471,2.3241571049956,6.14925982848149e-84,9.27070797096181e-82
Mmp15,7.51526179515304,-2.32223010531446,5.2354789657708e-42,1.7235508545628098e-40
Fam117a,7.47190097059951,-2.32143056668137,0.0002153531849453,0.0004877245996363
Golph3l,9.1277256976973,2.32079346107458,9.36550804174402e-41,2.88288155892849e-39
Dennd4c,9.64503290883346,2.32032949419433,2.05095163527049e-61,1.39538335103249e-59
Bod1l,7.6683433304056,2.31381306006515,1.0949197946424399e-57,6.72513931274131e-56
Pnrc2,9.976216036717,2.31090175603462,2.66357173843292e-109,7.36200130287283e-107
Stag1,8.73708299621216,2.31056830286751,3.96316833602906e-72,3.8661289936836396e-70
Arhgap11a,7.76427264664485,2.30993045847197,8.32103030131228e-46,3.1998582321017403e-44
Arhgap18,8.70135459912821,2.30882099295593,1.22145145335817e-21,1.2267219100456301e-20
Thoc1,8.06005789487399,2.30658978401958,6.36653149243683e-63,4.56566342217078e-61
Top2b,9.88718887684399,2.30478171229415,1.90447500301114e-83,2.74637715923357e-81
Mgp,7.54850084580228,-2.30318342107116,6.912793330284301e-10,2.6800709851806504e-09
Matr3,7.27935263450417,2.30310319573051,1.15140717937664e-53,6.23498736685304e-52
Ptp4a3,8.41009796631156,-2.30255605170312,7.41817439226666e-09,2.60362221328576e-08
Cytip,12.5717263128676,2.30131598255647,8.49752997874648e-45,3.14029889214567e-43
Bbip1,8.73362738127029,2.30103983422858,2.02870427881726e-64,1.5468287164981899e-62
Tank,7.81591693556103,2.30024144694877,1.81788935656901e-58,1.13229756307986e-56
Nedd1,7.6652372072511,2.29986509941349,1.9805971390783e-42,6.66918331069844e-41
Daam1,8.57860856073775,2.29909297345096,4.0007974415614496e-56,2.30776433292156e-54
Asxl2,8.55679873645875,2.29786543382223,9.71397321818664e-27,1.39324629930467e-25
Lyar,7.87677272088371,2.29627608828666,7.125498471322601e-20,6.32757618601318e-19
Acap2,9.31606149611593,2.29509230852999,7.771632732105591e-14,4.24655071898043e-13
Neat1,7.80314450167515,-2.2944892950723,4.96286730600634e-45,1.86522267843587e-43
Kpna3,8.03590642206455,2.29373136996742,1.1987926590123e-73,1.25231355961544e-71
Nub1,9.7097420009252,2.29222062512815,3.0456722026053997e-71,2.88620950799756e-69
Tet2,7.97357779438196,2.28787996194953,1.45913997699824e-58,9.17460193120174e-57
Hltf,7.61777354252901,2.28693739984129,3.18083578754337e-41,1.00000351642981e-39
Lima1,11.718824192093,2.28640913651953,1.97147085897961e-26,2.7677781890034402e-25
Rapgef6,7.68912440491326,2.28620472834665,3.6441498989835594e-30,6.295174050757139e-29
2810474O19Rik,7.7630278907524,2.28546759072737,6.7479223168521e-45,2.5076942682822597e-43
Ccdc186,7.06197115941624,2.28384091965115,1.51632265255267e-43,5.3645473683776694e-42
Slc25a37,8.97487262932901,-2.28246301389614,1.30828057670354e-05,3.38738454549685e-05
Slc39a10,8.24551969528308,2.28113330132009,1.38626724083291e-53,7.44599493284622e-52
Usp33,8.01800694088571,2.28033564907154,3.59227842227033e-53,1.89122054874049e-51
Hist1h2bh,8.29075485870322,-2.27613608192976,5.09622412224145e-21,4.9315540065483103e-20
Bzw1,10.2885456959715,2.27484695195381,3.4214324481029496e-26,4.75310411402951e-25
Nufip2,8.76132036799296,2.27200066303788,1.38136634695056e-89,2.26254164506087e-87
Qk,11.2229961015353,2.27130424346719,3.43613978901482e-86,5.363207833042299e-84
2900076A07Rik,8.21846233078433,-2.26994305464346,2.7508139126778e-33,5.85795315882766e-32
Abi1,10.9828351673331,2.26805491385791,9.33646612524015e-54,5.11846678031244e-52
Ube2l6,11.734924207035,-2.264398796385,1.53115828949666e-06,4.32302128681681e-06
Sod3,7.31168525326128,-2.26414342677626,5.504428947382131e-09,1.95783535777262e-08
Plxnc1,8.66895883040251,2.26255759405656,1.0713968705602501e-20,1.01313059741431e-19
Esf1,7.08421784541344,2.26148092080182,4.41444500176153e-44,1.5786102921393597e-42
Ppp1r12a,7.33166342149008,2.26012938628251,8.66663955936902e-43,2.95579195460537e-41
Nsa2,8.8216632736836,2.25938749024056,1.5245841119732001e-68,1.31341931256808e-66
Ep300,9.47750531736971,2.25504150124884,2.3019316789319597e-42,7.712052420300589e-41
Nasp,7.22125144685465,2.25490449405866,2.33436161920097e-53,1.24377412055981e-51
Luc7l3,7.2435045962665,2.25483705497637,2.57291955724309e-54,1.43343527655608e-52
Fcho2,9.12275610985582,2.25304365390128,6.34570612294137e-61,4.2094241566531605e-59
Rufy1,8.99156121180802,2.2520862171622,7.3323700111367e-14,4.0164555300475e-13
Clk4,8.31741261376487,2.25204446235469,6.30888408455858e-14,3.47880154404982e-13
Rsl1d1,8.50338407411938,2.25079904047942,1.23078760737097e-24,1.54045841386704e-23
Plekhg1,10.6795656225911,2.24380786447258,5.55548826174194e-24,6.66407439136802e-23
Dld,10.1267403175341,2.24343006997131,3.68746809003466e-65,2.92943947008921e-63
Ccdc91,7.85668488953246,2.24338457788985,1.33419138224287e-17,9.95540892475602e-17
Sept11,10.8761172083892,2.24247268060967,2.04020538599141e-61,1.39522705443031e-59
Pcmtd1,7.55234888997974,2.24232717494723,3.85223426801242e-40,1.15367024906819e-38
Eps15,9.41745698505727,2.24220444180809,8.631866438428e-97,1.6841025299797699e-94
Tlk1,8.6899737128243,2.24214242294384,3.69960339932686e-52,1.83144172756976e-50
Fgd4,8.10710807366161,2.23964911515132,3.2301403112206e-48,1.3647857168459802e-46
Fam83h,8.06836776941532,-2.23357442987771,8.9561681943205e-30,1.5136494704974499e-28
Stxbp3,8.10801617153315,2.23345843053275,5.80776998380856e-47,2.3419964855680302e-45
Cdc73,9.43757870273367,2.22823874567314,1.23436664117985e-68,1.0703491652636e-66
Huwe1,10.1230436281749,2.22640944994729,1.14662401360189e-40,3.51322420056726e-39
Trim30a,8.78683682732273,2.22530637788385,4.33130384413927e-10,1.7102204791724902e-09
Ccdc50,8.49568850122866,2.22498398160344,2.1681735258415401e-47,8.82366814949072e-46
Cep57,7.41580044185867,2.22453832547684,6.29605765244489e-50,2.8704397551541697e-48
Snx4,9.78561139653511,2.22442738175771,4.26562868430842e-51,2.05789439108072e-49
Mettl9,12.5409285063011,-2.22410492341593,2.30577397924639e-91,3.87224093451416e-89
Cyfip1,11.8971941975392,2.22390553678699,3.69609782121324e-24,4.49460401411879e-23
Zcchc7,7.35057091222959,2.22302407424872,3.1841209112131196e-42,1.0640738571552698e-40
Vwa5a,10.2506849667993,2.2228668806482,1.07393895265875e-10,4.48754270391294e-10
F630028O10Rik,7.70755086509211,-2.22175157090366,3.35514689398847e-31,6.2605814124536e-30
Hist1h2ab,12.2640597204559,-2.22146519531521,1.44091923451564e-17,1.0727651786935499e-16
Ssh2,9.54982476898718,2.21958174616306,1.04763922799404e-56,6.09606563061271e-55
Idh1,10.9505457719836,2.21956061289297,1.29058414958587e-27,1.95458674800865e-26
Osbpl9,10.0190404627503,2.21900471911925,2.41007629127429e-59,1.53723471905462e-57
Rap1b,11.6878737991801,2.21891126827777,7.34927259733829e-66,5.98176684349001e-64
Gm10910,7.61040970668158,-2.21752221528045,7.589342306568339e-26,1.03588276112389e-24
Dnajc2,7.81800512608995,2.21704386229894,9.318848812310781e-60,6.03088620453303e-58
Nol7,8.41632839662367,2.21567087340382,7.45233125225269e-48,3.0993755085779403e-46
Cep55,7.21667850391341,2.2154184434668,2.02434614733756e-48,8.663548495718541e-47
Fxr1,9.04659352344776,2.21533538703962,7.9487442212958e-64,5.89139606614142e-62
Srsf5,11.4388207246685,2.21335013717351,9.467921183066989e-33,1.96574194578638e-31
Thoc2,7.2268135546055,2.21255641723625,1.00473753582311e-35,2.4458445665624097e-34
Atp6v1e1,10.7328799272848,2.20608733641686,3.46030369238632e-81,4.5907849086889296e-79
Shoc2,7.69276078088919,2.20568774163456,2.86599110478299e-49,1.26743679957186e-47
Skiv2l2,8.29049889719522,2.20562783553837,3.2617719815966005e-16,2.17347709090116e-15
Spty2d1,8.0423053756305,2.20547448196746,1.1028390419210901e-38,3.01677640601383e-37
Rsrc1,9.11341661148595,2.20538570441413,3.9458724433089e-80,5.08251356362905e-78
Acin1,9.75212507407077,2.2048341870468,1.15457640896674e-65,9.28349407137076e-64
Sbno1,8.98218155305562,2.20326130487865,1.11763648381134e-25,1.5053485513426401e-24
Iqgap1,14.1941936191609,2.19982866139561,9.44155021732042e-17,6.592686670167901e-16
Smox,9.97900830890011,-2.19487134531363,2.69123093714403e-13,1.4095760301259299e-12
Orc3,7.2556187498396,2.19476355098945,1.2335669641836199e-42,4.17493186577144e-41
Eif3a,11.0816729814047,2.19446692633379,7.24618165704401e-33,1.5163263729338e-31
Zfx,8.01169316695351,2.19068445919433,1.04278195933252e-13,5.6306830502501e-13
Dym,9.94593148047277,-2.18725538750458,1.12675503372325e-22,1.22832038064144e-21
Ahctf1,9.40841820353474,2.18399410191846,1.85775198158993e-29,3.0770031884836e-28
Exoc5,8.90762094205595,2.18379774655637,1.5998812388907699e-22,1.72706463762114e-21
Prelp,7.0134002230823,-2.18188174396132,3.51929135740577e-07,1.05206035238176e-06
Zbtb11,7.67938235262774,2.18146944748934,4.421737899957991e-31,8.147666210936479e-30
Hist1h1b,12.5753242157811,-2.18068714164142,5.95134741940248e-19,4.95025242716067e-18
Mtap7d3,7.26659135770862,2.1732663026907,1.8881375201371802e-47,7.75539333735601e-46
Dennd3,8.68598977409728,-2.17264039607662,6.59021557856225e-62,4.57761204611442e-60
Arfgef1,8.42841833533773,2.17150376324918,1.66271631996616e-57,1.01189254206381e-55
Rnmt,8.07350934594462,2.17118400426801,3.26867360785766e-21,3.2027690365914104e-20
Ctcf,8.78670071973677,2.16760088889702,1.18566762862412e-81,1.58891438676325e-79
Il1a,8.41653366019958,2.16070159113275,3.04416804915746e-12,1.45801362845387e-11
Bgn,7.0712388794734,-2.15460013611547,5.06063959430609e-06,1.35909930157204e-05
D830046C22Rik,7.01231414836453,-2.15348813079809,1.16711768578063e-31,2.24733676883187e-30
Ube2o,9.0101201121342,-2.15340707623268,2.9427983486920495e-11,1.29022160251479e-10
Prr33,7.51301473421378,-2.15330925293755,2.1933303470515202e-23,2.51503143598379e-22
Lcp1,14.389509040773,2.15124189449317,7.65698361908467e-22,7.850479263863711e-21
Nedd9,11.8139565080866,2.15072751695819,2.64232474523199e-23,3.01424956104839e-22
A230046K03Rik,8.14745227942906,2.14911142237635,8.26823091691711e-39,2.27111013612297e-37
Erlin1,7.90342162256256,2.14773408803347,1.63268016013448e-44,5.95076035288576e-43
Upf2,7.20021747805309,2.14280129705036,1.7364117769929e-36,4.4216842697437205e-35
Jmjd1c,8.84518510128714,2.14171300873921,2.38731267714497e-80,3.1051448321257196e-78
Azi2,8.7970535206298,2.14090021641746,7.06894308921652e-70,6.29420590366681e-68
Uchl3,9.50816616559863,2.13971482088981,1.03740901543099e-83,1.54643880985651e-81
Adam10,10.5591380556424,2.13815382328912,2.86410467110934e-72,2.8146723460450098e-70
Opa1,8.94074181455901,2.13627909888402,7.26703194775904e-66,5.9513402994394597e-64
Clec1b,7.87502402525708,2.13168335197411,4.38398799973231e-34,9.791644577853289e-33
Bmpr2,9.7628087947866,2.12482987745378,1.13693152350524e-34,2.5961567164103297e-33
Syap1,9.1979845333756,2.12203194125852,8.16311417497987e-92,1.40649397090205e-89
Gtf2f1,9.48690483670695,2.1214773717206,7.92415140164455e-46,3.05609641411681e-44
Zfr,9.36726305946365,2.1186266912894,3.44240766144624e-64,2.56575406991052e-62
Phf3,8.76852896419016,2.11682419770513,4.40934912521388e-80,5.62488796578967e-78
Casp8,9.44127274286421,2.11625716098048,1.12896763766471e-16,7.82959417088222e-16
Gpalpp1,8.0903329983729,2.11567964495782,9.22826945438522e-35,2.11453282990205e-33
Tpbgl,8.6968950999665,-2.11485382548743,1.16572256418422e-17,8.747534648773781e-17
Phax,8.81464921871327,2.11451765247837,8.63444113483564e-46,3.3107841195336504e-44
Dhx36,7.23348653153872,2.1095517681273,5.2820779920857e-42,1.7345873445792299e-40
Slc19a1,9.23168786734324,-2.10619780333554,6.70133062606836e-74,7.11252427328392e-72
Cd2ap,7.99521753780488,2.10554224437227,5.7097012218399e-49,2.4836264298409802e-47
Atp6v0d2,13.3301417362675,2.10512933731231,2.58285294367592e-77,3.0324522127211e-75
Vcpip1,8.95522609296351,2.10433113745053,3.2898955494031e-55,1.85732103208217e-53
Snw1,9.01762038736513,2.10382940605143,6.076808641421559e-56,3.47504397610948e-54
Safb2,8.39461155343201,2.10313038936144,6.0218131479498706e-15,3.6248364352926904e-14
Acsl4,8.68718125014325,2.1002761915764,4.9756267892498906e-61,3.31716786999891e-59
Anln,8.50939014636516,2.09805076750714,1.45956056034496e-30,2.61322401539764e-29
Wdfy1,8.82762939738045,-2.09743840112485,2.86743440498663e-15,1.77601551124919e-14
Chordc1,7.55010544505666,2.09401694332636,3.94297127571261e-34,8.83638512075661e-33
Nol8,7.05799172275918,2.09097636127659,2.0539358640911998e-31,3.89279530127113e-30
Wnk1,8.95096084134548,2.08959518850053,2.4736728830561997e-37,6.46027916132019e-36
Smek2,6.97441458980553,2.08771941597821,3.56214052733088e-42,1.18741000944972e-40
Riok3,9.77643303244473,2.08722299354283,7.30375071445225e-39,2.01034980764809e-37
Smc2,6.97074502897279,2.08680872224346,3.03853767022427e-36,7.60609042846516e-35
Grb7,9.13116030418564,-2.08419526361987,3.9788023539505303e-35,9.27711262387728e-34
Acbd5,8.36562377109167,2.08417345211665,6.00649901145815e-48,2.51382405000048e-46
Usp47,9.02673475182089,2.0838810118957,7.34411010034859e-71,6.71960749664309e-69
2810013P06Rik,8.71527087884509,-2.08049856400047,5.95022074382686e-35,1.3728970192756699e-33
Clec4a2,9.98321135642027,2.08007832090526,1.63037465714952e-16,1.11209154634461e-15
Gm1966,8.9086844997119,2.07831992183847,5.31493574742957e-22,5.5217895505989104e-21
Nin,6.91985648691169,2.07756666934857,2.10864690033991e-36,5.3286511289161e-35
Lcor,8.2252074369435,2.07669097651651,4.75300029673065e-39,1.33881220672453e-37
Gspt1,9.77887566714154,2.07650952541487,3.48573763948358e-50,1.6169678763296698e-48
Cdk8,9.79317427513538,-2.07560257642396,9.95981476939002e-20,8.77402805746995e-19
Clec5a,8.30435132166324,2.07559801640726,1.3866228850837e-21,1.3905008175665502e-20
Serpinb1a,9.87791249662827,2.07449870518896,2.50936934651922e-16,1.6873696462377402e-15
Mrpl47,7.6461086415061,2.07311389900083,1.38452764526122e-24,1.7296165978983702e-23
Tspan33,7.16413873702858,-2.07186910088754,0.0003179357317629,0.0007059503520166
Dnajc1,8.18477205348344,2.06445273058559,1.90302326719018e-47,7.79241039685558e-46
Gnai3,9.73530920746069,2.06439026836629,7.465576671041591e-73,7.56074852631365e-71
Naa15,7.83490991928487,2.06390891943682,3.0834736416356403e-61,2.08716555120307e-59
Mef2a,9.53380287339628,2.06194389985817,1.03696725014046e-53,5.63829692934979e-52
Il18,12.8479110230819,2.06116882920783,4.2150390020455497e-16,2.78768307278855e-15
Sltm,6.96185159289952,2.06084733206958,5.75539942317468e-38,1.53019807910338e-36
Col1a1,6.91130875623753,-2.06067044663195,3.33743229970759e-10,1.3300605082673702e-09
Rps6ka3,9.8051504630611,2.06027187091226,2.36368674866448e-41,7.46643621298372e-40
Dstn,12.3651092121683,2.05969013154671,5.19385585564401e-39,1.45680519316763e-37
Dmxl2,7.94503734035063,2.05956936120241,8.71804795874169e-48,3.61444819589456e-46
Tusc1,9.77807712953536,-2.05901890009155,5.46912440280917e-74,5.85152205258623e-72
Tgs1,7.06623871577696,2.05865471594967,3.62888816866224e-36,9.049710401060521e-35
Cenpe,6.87566403785503,2.05633763150282,3.2727999442998895e-36,8.177069088705581e-35
Zc3h13,7.47246520661159,2.05571246335608,1.9830638114678603e-15,1.2404199710864701e-14
Psma1,9.84527223633826,2.05466641091088,3.84254901080312e-34,8.62590486063028e-33
Cetn2,8.31684718360247,2.05400058186369,4.1922752809759204e-17,2.99832432090067e-16
Dcaf13,8.36862771166878,2.05374000567006,4.96930240528639e-28,7.68388519940962e-27
Sdcbp,12.7199665937788,2.05232728145231,5.75886544947535e-15,3.47759981420981e-14
Galnt1,8.43059774313558,2.05123217588461,1.14531735126679e-41,3.6702718114146196e-40
Cltc,10.5989442133953,2.04948971552116,2.90047595167041e-29,4.75069314207547e-28
Pla2g4a,8.35189010907132,2.0481506547269,8.83461904587891e-16,5.692515341509251e-15
Fabp1,11.4044098227505,2.04516751382475,2.83219328479333e-48,1.20431757401773e-46
Dars,10.0924359924999,2.04448662154718,2.0657398717224e-35,4.893959085382329e-34
Clint1,9.25024906378352,2.04428606423126,4.3669137689237494e-49,1.91207409149542e-47
Odf2,8.44323136125282,2.04314969140174,7.799517321970869e-36,1.9091549134794698e-34
Eed,9.51280903554452,-2.03848393746059,5.61578477231607e-26,7.69675791056997e-25
Hist1h4h,7.64370590121363,-2.03725174021778,9.61136022934667e-40,2.79635781058645e-38
Scyl2,8.84442244501783,2.03712793373425,1.06881872697262e-63,7.8342641164341e-62
Tcf12,8.26893181252646,2.03598459831513,4.99036763392916e-40,1.47454804898303e-38
Lypd2,7.77185624083622,-2.03552291005043,2.0806066691818403e-15,1.2995955122427201e-14
H2-Ab1,11.5338028733963,2.0330871691678,9.61414360797182e-27,1.38042038146063e-25
Ifih1,7.58689189997545,2.03128165694199,1.84545896917214e-32,3.7436856489306995e-31
Eif4g1,11.8061188256252,2.02791824547445,1.4388809039617e-14,8.376319856454511e-14
Rap1a,9.9694065086663,2.02740890168507,4.72203542589614e-48,1.98470290687326e-46
Prc1,8.08746284125034,2.02685056304948,4.1733415003347e-37,1.08140081415899e-35
Fyco1,8.88605640909695,2.02461945332893,3.54859401386054e-32,7.090240479199971e-31
Hist1h1e,13.33714179092,-2.02433538068099,2.7469739198964696e-30,4.7826906817934996e-29
C1d,8.11749881024121,2.02374370456302,9.74153761643336e-27,1.3956909239440701e-25
Vaultrc5,8.64583353041911,-2.02287279373934,2.49375424092693e-15,1.5503578966437502e-14
Erap1,8.94338985917497,2.02242256657092,4.76897437774725e-32,9.38723784415026e-31
Ppil4,7.05279444469099,2.02192430253217,5.438888756087979e-42,1.7772841656901299e-40
Ddx52,7.11958962074112,2.02101763826784,6.509452075426199e-43,2.23154782130955e-41
Pcf11,7.66148121639613,2.0202617516259,2.65759887478603e-23,3.02906909551428e-22
Usp45,8.3037807481771,2.01853423601013,6.39592106443165e-49,2.77302891378479e-47
Nusap1,6.99631655464835,2.01450837582956,2.66762572887338e-38,7.22273276427818e-37
Nemf,7.39231742277876,2.01228401616306,3.3387937929197203e-31,6.2388418662909696e-30
Mut,8.12210898405723,2.0120343319065,8.03874993865583e-27,1.1605015825478402e-25
Lrrfip2,9.23346988752208,2.00729423632503,1.14705606413403e-81,1.55285640845573e-79
Vps35,8.53414073634141,2.00638946211875,4.63000996889041e-13,2.38130672891349e-12
Nr3c1,8.86313228974858,2.00637057828136,6.9327347241819e-24,8.23425170865902e-23
Ripk1,8.83011902544452,2.00577356076688,1.06568287551136e-23,1.2511871424256001e-22
Chd4,10.9357226742025,2.00494922978745,7.00129400417655e-18,5.36604087541365e-17
Pde4b,9.27714207703369,2.0021015515078,9.84708859994229e-71,8.94803592160509e-69
